,,2023-09-30,2023-06-30,2023-03-31,2022-12-31,2022-09-30,2021-12-31,2020-12-31,2019-12-31,2018-12-31,2018-09-30
BAL,Cash,256415000.0,307500000.0,343027000.0,382436000.0,163053000,310338000.0,153299000.0,210643000.0,217450000.0,247089000.0
BAL,Cash and Short Term Investments,256415000.0,307500000.0,343027000.0,382436000.0,163053000,310338000.0,153299000.0,210643000.0,217450000.0,247089000.0
BAL,"Accounts Receivable - Trade, Net",165000.0,100000.0,121000.0,121000.0,2088000,,,,,
BAL,"Total Receivables, Net",41960000.0,38221000.0,34837000.0,28976000.0,41282000,26250000.0,29685000.0,30524000.0,13342000.0,9264000.0
BAL,Prepaid Expenses,7535000.0,7183000.0,13696000.0,12337000.0,7175000,8713000.0,10206000.0,7023000.0,2069000.0,2208000.0
BAL,"Other Current Assets, Total",2472000.0,2461000.0,2325000.0,2022000.0,801000,1651000.0,3794000.0,1066000.0,105000.0,717000.0
BAL,Total Current Assets,308382000.0,355365000.0,393885000.0,425771000.0,212311000,346952000.0,196984000.0,249256000.0,232966000.0,259278000.0
BAL,"Property/Plant/Equipment, Total - Gross",123057000.0,120084000.0,88350000.0,85961000.0,69555000,75032000.0,104346000.0,60138000.0,23676000.0,16666000.0
BAL,"Accumulated Depreciation, Total",-29017000.0,-28976000.0,-26822000.0,-27542000.0,-23846000,-22716000.0,-14663000.0,-8565000.0,-3708000.0,-3138000.0
BAL,"Property/Plant/Equipment, Total - Net",94040000.0,91108000.0,61528000.0,58419000.0,45709000,52316000.0,89683000.0,51573000.0,19968000.0,13528000.0
BAL,"Other Long Term Assets, Total",3676000.0,4519000.0,4558000.0,6084000.0,5802000,6227000.0,7412000.0,2450000.0,1276000.0,
BAL,Total Assets,406098000.0,450992000.0,459971000.0,490274000.0,263830000,405560000.0,294237000.0,303533000.0,254210000.0,273205000.0
BAL,Accounts Payable,661000.0,3878000.0,353000.0,531000.0,334000,431000.0,2263000.0,1075000.0,2022000.0,3036000.0
BAL,Accrued Expenses,36396000.0,36926000.0,38957000.0,45442000.0,37603000,27970000.0,30875000.0,22802000.0,17987000.0,13480000.0
BAL,Notes Payable/Short Term Debt,0.0,0.0,0.0,0.0,0,0.0,0.0,0.0,0.0,0.0
BAL,"Other Current liabilities, Total",483000.0,259000.0,327000.0,393000.0,881000,150000.0,496000.0,1107000.0,1067000.0,623000.0
BAL,Total Current Liabilities,37540000.0,41063000.0,39637000.0,46366000.0,38818000,28551000.0,33634000.0,24984000.0,21076000.0,17139000.0
BAL,Total Long Term Debt,0.0,0.0,0.0,0.0,0,0.0,0.0,0.0,0.0,0.0
BAL,Total Debt,0.0,0.0,0.0,0.0,0,0.0,0.0,0.0,0.0,0.0
BAL,"Other Liabilities, Total",188040000.0,180593000.0,153414000.0,145234000.0,63858000,63689000.0,50571000.0,23710000.0,492000.0,601000.0
BAL,Total Liabilities,225580000.0,221656000.0,193051000.0,191600000.0,102676000,92240000.0,84205000.0,48694000.0,21568000.0,17740000.0
BAL,"Common Stock, Total",126000.0,126000.0,126000.0,126000.0,122000,122000.0,121000.0,120000.0,120000.0,120000.0
BAL,Additional Paid-In Capital,1015577000.0,1012709000.0,1010041000.0,1007625000.0,851824000,843108000.0,595016000.0,500560000.0,361311000.0,357918000.0
BAL,Retained Earnings (Accumulated Deficit),-801391000.0,-755542000.0,-709990000.0,-670179000.0,-643228000,-521340000.0,-379244000.0,-237150000.0,-113301000.0,-92653000.0
BAL,"Other Equity, Total",-33794000.0,-27957000.0,-33257000.0,-38898000.0,-47564000,-8570000.0,-5861000.0,-8691000.0,-15488000.0,-9920000.0
BAL,Total Equity,180518000.0,229336000.0,266920000.0,298674000.0,161154000,313320000.0,210032000.0,254839000.0,232642000.0,255465000.0
BAL,Total Liabilities & Shareholders' Equity,406098000.0,450992000.0,459971000.0,490274000.0,263830000,405560000.0,294237000.0,303533000.0,254210000.0,273205000.0
BAL,"Tangible Book Value per Share, Common Eq",180518000.0,229336000.0,266920000.0,298674000.0,161146000,313255000.0,209874000.0,254585000.0,232642000.0,255066000.0
BAL,"Intangibles, Net",,,,0.0,8000,65000.0,158000.0,254000.0,0.0,399000.0
INC,Revenue,406000.0,0.0,1292000.0,6360000.0,2369000,2330000.0,1715000.0,2908000.0,296000.0,1407000.0
INC,Total Revenue,406000.0,0.0,1292000.0,6360000.0,2369000,2330000.0,1715000.0,2908000.0,296000.0,1407000.0
INC,"Selling/General/Admin. Expenses, Total",10611000.0,11122000.0,9284000.0,36671000.0,8231000,38003000.0,41450000.0,43830000.0,7593000.0,22790000.0
INC,Research & Development,37237000.0,36742000.0,31344000.0,137220000.0,37632000,128651000.0,128410000.0,101040000.0,17713000.0,36150000.0
INC,Unusual Expense (Income),382000.0,23000.0,3768000.0,515000.0,0,676000.0,0.0,4102000.0,,
INC,Total Operating Expense,48230000.0,47887000.0,44396000.0,174406000.0,45863000,167330000.0,169860000.0,148972000.0,25306000.0,58940000.0
INC,Operating Income,-47824000.0,-47887000.0,-43104000.0,-168046000.0,-43494000,-165000000.0,-168145000.0,-146064000.0,-25010000.0,-57533000.0
INC,"Interest Inc.(Exp.),Net-Non-Op., Total",-1368000.0,-1617000.0,-1459000.0,-5397000.0,-1685000,-3143000.0,536000.0,2542000.0,660000.0,1532000.0
INC,"Other, Net",-1597000.0,482000.0,782000.0,238000.0,-3740000,2155000.0,1352000.0,4514000.0,1097000.0,3970000.0
INC,Net Income Before Taxes,-50789000.0,-49022000.0,-43781000.0,-173205000.0,-48919000,-165988000.0,-166257000.0,-139008000.0,-23253000.0,-52031000.0
INC,Provision for Income Taxes,-4940000.0,-3470000.0,-3970000.0,-24366000.0,-6152000,-23892000.0,-24163000.0,-15159000.0,-2605000.0,-7280000.0
INC,Net Income After Taxes,-45849000.0,-45552000.0,-39811000.0,-148839000.0,-42767000,-142096000.0,-142094000.0,-123849000.0,-20648000.0,-44751000.0
INC,Net Income Before Extra. Items,-45849000.0,-45552000.0,-39811000.0,-148839000.0,-42767000,-142096000.0,-142094000.0,-123849000.0,-20648000.0,-44751000.0
INC,Net Income,-45849000.0,-45552000.0,-39811000.0,-148839000.0,-42767000,-142096000.0,-142094000.0,-123849000.0,-20648000.0,-44751000.0
INC,Income Available to Com Excl ExtraOrd,-45849000.0,-45552000.0,-39811000.0,-148839000.0,-42767000,-142096000.0,-142094000.0,-123849000.0,-20648000.0,-44751000.0
INC,Income Available to Com Incl ExtraOrd,-45849000.0,-45552000.0,-39811000.0,-148839000.0,-42767000,-142096000.0,-142094000.0,-123849000.0,-20648000.0,-44751000.0
INC,Diluted Net Income,-45849000.0,-45552000.0,-39811000.0,-148839000.0,-42767000,-142096000.0,-142094000.0,-123849000.0,-20648000.0,-44751000.0
INC,Diluted Weighted Average Shares,173984100.0,173860490.0,173825830.0,94993400.0,91240800,72084080.0,51558080.0,43065540.0,39366630.0,31557030.0
INC,Diluted EPS Excluding ExtraOrd Items,-263520.0,-262000.0,-229030.0,-1566840.0,-468730,-1971250.0,-2756000.0,-2875830.0,-524510.0,-1418100.0
INC,DPS - Common Stock Primary Issue,0.0,0.0,0.0,,0,,,,0.0,
INC,Diluted Normalized EPS,-262100.0,-261920.0,-214940.0,-1563310.0,-468730,-1965160.0,-2739610.0,-2813910.0,-524510.0,-1418100.0
CAS,Net Income/Starting Line,-131212000.0,-85363000.0,-39811000.0,-148839000.0,-121888000,-142096000.0,-142094000.0,-123849000.0,-20648000.0,-44751000.0
CAS,Depreciation/Depletion,4790000.0,3411000.0,1899000.0,7422000.0,5773000,8458000.0,5658000.0,4611000.0,645000.0,1709000.0
CAS,Deferred Taxes,-520000.0,-282000.0,-195000.0,-268000.0,-587000,-72000.0,-1344000.0,-399000.0,,
CAS,Non-Cash Items,26730000.0,12557000.0,8212000.0,25409000.0,24563000,11711000.0,18612000.0,34357000.0,3787000.0,6773000.0
CAS,Changes in Working Capital,-20542000.0,-10889000.0,-12524000.0,3968000.0,-5603000,4138000.0,1410000.0,-16204000.0,-3569000.0,4732000.0
CAS,Cash from Operating Activities,-120754000.0,-80566000.0,-42419000.0,-112308000.0,-97742000,-117861000.0,-117758000.0,-101484000.0,-19785000.0,-31537000.0
CAS,Capital Expenditures,-9509000.0,-8011000.0,-3622000.0,-10841000.0,-10208000,-8857000.0,-14681000.0,-18668000.0,-4422000.0,-9531000.0
CAS,Cash from Investing Activities,-9509000.0,-8011000.0,-3622000.0,-10841000.0,-10208000,-8857000.0,-14681000.0,-18668000.0,-4422000.0,-9531000.0
CAS,Financing Cash Flow Items,-910000.0,-910000.0,-691000.0,59639000.0,-16000,38038000.0,,,,
CAS,"Issuance (Retirement) of Stock, Net",4000.0,,,163971000.0,117000,246025000.0,74415000.0,108863000.0,0.0,156920000.0
CAS,Cash from Financing Activities,-906000.0,-910000.0,-691000.0,223610000.0,101000,284063000.0,74415000.0,108863000.0,0.0,156920000.0
CAS,Foreign Exchange Effects,5257000.0,14558000.0,7326000.0,-28376000.0,-39459000,-754000.0,679000.0,5164000.0,-5327000.0,-5833000.0
CAS,Net Change in Cash,-125912000.0,-74929000.0,-39406000.0,72085000.0,-147308000,156591000.0,-57345000.0,-6125000.0,-29534000.0,110019000.0
