,,2023-09-30,2023-06-30,2023-03-31,2022-12-31,2022-09-30,2021-12-31,2021-01-31
BAL,Cash & Equivalents,3342000.0,1741000,3922000.0,11927000.0,28111000.0,209841260.0,
BAL,Short Term Investments,13667000.0,10536000,9576000.0,6283000.0,2263000.0,,
BAL,Cash and Short Term Investments,17009000.0,12277000,13498000.0,18210000.0,30374000.0,209841260.0,
BAL,"Accounts Receivable - Trade, Net",360000.0,380000,281000.0,98000.0,,,
BAL,"Total Receivables, Net",360000.0,1994000,1572000.0,1200000.0,731000.0,,
BAL,Prepaid Expenses,3962000.0,2260000,4279000.0,7254000.0,8276000.0,13818830.0,
BAL,"Other Current Assets, Total",33087000.0,25786000,17129000.0,21071000.0,30393000.0,,
BAL,Total Current Assets,54418000.0,42317000,36478000.0,47735000.0,69774000.0,223660080.0,
BAL,"Property/Plant/Equipment, Total - Gross",305513000.0,301823000,283314000.0,201066000.0,46070000.0,5129140.0,1640.0
BAL,"Accumulated Depreciation, Total",-42819000.0,-29398000,-15422000.0,-4195000.0,-16000.0,-4870.0,-10.0
BAL,"Property/Plant/Equipment, Total - Net",262694000.0,272425000,267892000.0,196871000.0,46054000.0,5124270.0,1640.0
BAL,Long Term Investments,33609000.0,33098000,34529000.0,37478000.0,,,
BAL,"Other Long Term Assets, Total",65769000.0,68883000,73786000.0,136379000.0,291665000.0,125382870.0,171450.0
BAL,Total Assets,416490000.0,416723000,412685000.0,418463000.0,407493000.0,354167220.0,173090.0
BAL,Accounts Payable,6158000.0,3607000,12221000.0,17369000.0,7881000.0,241760.0,1920.0
BAL,Accrued Expenses,25930000.0,23833000,18399000.0,20383000.0,11728000.0,257490.0,174650.0
BAL,Notes Payable/Short Term Debt,0.0,0,0.0,0.0,0.0,0.0,0.0
BAL,Current Port. of  LT Debt/Capital Leases,6749000.0,11189000,2638000.0,2567000.0,,,
BAL,"Other Current liabilities, Total",56000.0,66000,44000.0,7000.0,,,
BAL,Total Current Liabilities,38893000.0,38695000,33302000.0,40326000.0,19609000.0,499250.0,176570.0
BAL,Capital Lease Obligations,12014000.0,10836000,11542000.0,12229000.0,,,
BAL,Total Long Term Debt,12014000.0,10836000,11542000.0,12229000.0,0.0,0.0,0.0
BAL,Total Debt,18763000.0,22025000,14180000.0,14796000.0,0.0,0.0,0.0
BAL,Deferred Income Tax,1285000.0,2508000,1893000.0,1840000.0,,,
BAL,"Other Liabilities, Total",21611000.0,21474000,21328000.0,21176000.0,4784000.0,136800.0,
BAL,Total Liabilities,73803000.0,73513000,68065000.0,75571000.0,24393000.0,636050.0,176570.0
BAL,"Common Stock, Total",259000.0,254000,253000.0,251000.0,251000.0,252130.0,0.0
BAL,Additional Paid-In Capital,490655000.0,473471000,462181000.0,453854000.0,442435000.0,425437930.0,0.0
BAL,Retained Earnings (Accumulated Deficit),-148222000.0,-130511000,-117810000.0,-111209000.0,-59582000.0,-72156040.0,-3490.0
BAL,Treasury Stock - Common,-5000.0,-4000,-4000.0,-4000.0,-4000.0,-2850.0,
BAL,Total Equity,342687000.0,343210000,344620000.0,342892000.0,383100000.0,353531170.0,-3480.0
BAL,Total Liabilities & Shareholders' Equity,416490000.0,416723000,412685000.0,418463000.0,407493000.0,354167220.0,173090.0
BAL,Total Common Shares Outstanding,254558180.0,250413890,248906010.0,247551960.0,247518970.0,249279420.0,247058620.0
BAL,"Tangible Book Value per Share, Common Eq",1346200.0,1370570,1384540.0,1385130.0,1547760.0,1418210.0,-10.0
INC,Revenue,30304000.0,31224000,21895000.0,3037000.0,,,
INC,Total Revenue,30304000.0,31224000,21895000.0,3037000.0,0.0,0.0,0.0
INC,"Cost of Revenue, Total",13008000.0,15868000,8141000.0,748000.0,,,
INC,Gross Profit,17296000.0,15356000,13754000.0,2289000.0,,,
INC,"Selling/General/Admin. Expenses, Total",23898000.0,21335000,17420000.0,70836000.0,17755000.0,72146940.0,3480.0
INC,Depreciation/Amortization,16217000.0,14412000,11655000.0,4378000.0,11000.0,4870.0,10.0
INC,"Interest Exp.(Inc.),Net-Operating, Total",-5251000.0,-5976000,-8599000.0,-36513000.0,-77319000.0,,
INC,Unusual Expense (Income),3348000.0,2828000,-455000.0,1467000.0,320000.0,,
INC,"Other Operating Expenses, Total",-2720000.0,-5651000,-98000.0,-458000.0,,,
INC,Total Operating Expense,48500000.0,42816000,28064000.0,40458000.0,-59233000.0,72151810.0,3480.0
INC,Operating Income,-18196000.0,-11592000,-6169000.0,-37421000.0,59233000.0,-72151810.0,-3480.0
INC,"Interest Inc.(Exp.),Net-Non-Op., Total",-616000.0,-460000,-325000.0,78000.0,55000.0,-22580.0,
INC,"Other, Net",4000.0,-34000,-37000.0,130000.0,4000.0,21830.0,
INC,Net Income Before Taxes,-18808000.0,-12086000,-6531000.0,-37213000.0,59292000.0,-72152560.0,-3480.0
INC,Provision for Income Taxes,-1097000.0,615000,70000.0,1840000.0,,,
INC,Net Income After Taxes,-17711000.0,-12701000,-6601000.0,-39053000.0,59292000.0,-72152560.0,-3480.0
INC,Net Income Before Extra. Items,-17711000.0,-12701000,-6601000.0,-39053000.0,59292000.0,-72152560.0,-3480.0
INC,Net Income,-17711000.0,-12701000,-6601000.0,-39053000.0,59292000.0,-72152560.0,-3480.0
INC,Income Available to Com Excl ExtraOrd,-17711000.0,-12701000,-6601000.0,-39053000.0,59292000.0,-72152560.0,-3480.0
INC,Income Available to Com Incl ExtraOrd,-17711000.0,-12701000,-6601000.0,-39053000.0,59292000.0,-72152560.0,-3480.0
INC,Diluted Net Income,-17711000.0,-12701000,-6601000.0,-39053000.0,59292000.0,-72152560.0,-3480.0
INC,Diluted Weighted Average Shares,251789350.0,249127660,248654080.0,248227460.0,248342200.0,218026420.0,247058620.0
INC,Diluted EPS Excluding ExtraOrd Items,-70340.0,-50980,-26550.0,-157330.0,238750.0,-330930.0,-10.0
INC,DPS - Common Stock Primary Issue,0.0,0,0.0,,0.0,0.0,0.0
INC,Diluted Normalized EPS,-61700.0,-43600,-27740.0,-153490.0,240040.0,-330930.0,-10.0
CAS,Net Income/Starting Line,-37013000.0,-19302000,-6601000.0,-39053000.0,12574000.0,-72152560.0,-3480.0
CAS,Depreciation/Depletion,42284000.0,26067000,11655000.0,4378000.0,26000.0,4870.0,10.0
CAS,Deferred Taxes,-555000.0,637000,53000.0,,,,
CAS,Non-Cash Items,-64010000.0,-43401000,-19041000.0,4298000.0,-33715000.0,63743650.0,
CAS,Cash Taxes Paid,0.0,0,0.0,0.0,0.0,0.0,
CAS,Cash Interest Paid,0.0,0,0.0,0.0,0.0,26910.0,
CAS,Changes in Working Capital,91698000.0,60678000,24750000.0,9462000.0,12224000.0,-23261880.0,3480.0
CAS,Cash from Operating Activities,32404000.0,24679000,10816000.0,-20915000.0,-8891000.0,-31665930.0,0.0
CAS,Capital Expenditures,-37513000.0,-31473000,-19053000.0,-227918000.0,-213053000.0,-119965740.0,
CAS,"Other Investing Cash Flow Items, Total",-3414000.0,-2964000,713000.0,54009000.0,43291000.0,-174250.0,
CAS,Cash from Investing Activities,-40927000.0,-34437000,-18340000.0,-173909000.0,-169762000.0,-120139990.0,
CAS,Financing Cash Flow Items,-8184000.0,-2059000,,0.0,0.0,384893090.0,
CAS,"Issuance (Retirement) of Stock, Net",8122000.0,1631000,-481000.0,-3090000.0,-3077000.0,-23245910.0,
CAS,Cash from Financing Activities,-62000.0,-428000,-481000.0,-3090000.0,-3077000.0,361647180.0,
CAS,Net Change in Cash,-8585000.0,-10186000,-8005000.0,-197914000.0,-181730000.0,209841260.0,0.0
CAS,"Issuance (Retirement) of Debt, Net",,0,,0.0,0.0,0.0,
