,,2023-09-30,2023-06-30,2023-03-31,2022-12-31,2022-09-30,2021-12-31,2020-12-31,2019-12-31,2018-12-31
BAL,Cash & Equivalents,40632000,71893000.0,66043000.0,47379000.0,39758000.0,92268000.0,157898000.0,7013000,31644000
BAL,Short Term Investments,60442000,45279000.0,69452000.0,113901000.0,145356000.0,176536000.0,177551000.0,32074000,28732000
BAL,Cash and Short Term Investments,101074000,117172000.0,135495000.0,161280000.0,185114000.0,268804000.0,335449000.0,39087000,60376000
BAL,Prepaid Expenses,11914000,19278000.0,22342000.0,23304000.0,16402000.0,19462000.0,10190000.0,3355000,5258000
BAL,Total Current Assets,112988000,136450000.0,157837000.0,184584000.0,201516000.0,288266000.0,345639000.0,42442000,65634000
BAL,"Property/Plant/Equipment, Total - Net",14796000,16015000.0,16887000.0,20306000.0,20959000.0,9938000.0,3000000.0,2437000,2504000
BAL,"Other Long Term Assets, Total",2673000,2805000.0,2953000.0,434000.0,468000.0,381000.0,349000.0,90000,23000
BAL,Total Assets,130457000,155270000.0,177677000.0,205324000.0,222943000.0,298585000.0,348988000.0,44969000,68161000
BAL,Accounts Payable,2016000,2011000.0,5128000.0,7170000.0,3036000.0,10012000.0,1754000.0,3051000,2048000
BAL,Accrued Expenses,11262000,10056000.0,10881000.0,17795000.0,16103000.0,14574000.0,7352000.0,4039000,1760000
BAL,Notes Payable/Short Term Debt,0,0.0,0.0,0.0,0.0,0.0,0.0,0,0
BAL,"Other Current liabilities, Total",781000,927000.0,,,,0.0,7728000.0,12894000,17044000
BAL,Total Current Liabilities,14059000,12994000.0,16009000.0,24965000.0,19139000.0,24586000.0,16834000.0,19984000,20852000
BAL,Total Long Term Debt,0,0.0,0.0,0.0,0.0,0.0,0.0,0,0
BAL,Total Debt,0,0.0,0.0,0.0,0.0,0.0,0.0,0,0
BAL,"Other Liabilities, Total",3615000,3818000.0,4014000.0,4202000.0,4386000.0,2213000.0,22293000.0,10469000,9326000
BAL,Total Liabilities,17674000,16812000.0,20023000.0,29167000.0,23525000.0,26799000.0,39127000.0,30453000,30178000
BAL,"Common Stock, Total",5000,5000.0,5000.0,5000.0,5000.0,5000.0,5000.0,1000,1000
BAL,Additional Paid-In Capital,401394000,399609000.0,397724000.0,396041000.0,394348000.0,389408000.0,382012000.0,887000,426000
BAL,Retained Earnings (Accumulated Deficit),-288623000,-261082000.0,-239736000.0,-219012000.0,-193601000.0,-117067000.0,-72093000.0,-35490000,-11508000
BAL,"Other Equity, Total",7000,-74000.0,-339000.0,-877000.0,-1334000.0,-560000.0,-63000.0,54000,0
BAL,Total Equity,112783000,138458000.0,157654000.0,176157000.0,199418000.0,271786000.0,309861000.0,14516000,37983000
BAL,Total Liabilities & Shareholders' Equity,130457000,155270000.0,177677000.0,205324000.0,222943000.0,298585000.0,348988000.0,44969000,68161000
BAL,Total Common Shares Outstanding,42485490,42471340.0,42460260.0,42390590.0,42390590.0,42338900.0,41767430.0,38079530,38079530
BAL,"Tangible Book Value per Share, Common Eq",2654620,3260030.0,3712980.0,4155570.0,4704300.0,6419300.0,7418720.0,-907260,-291000
INC,Revenue,686000,200000.0,57000.0,652000.0,212000.0,30017000.0,9934000.0,9887000,22442000
INC,Total Revenue,686000,200000.0,57000.0,652000.0,212000.0,30017000.0,9934000.0,9887000,22442000
INC,"Selling/General/Admin. Expenses, Total",5073000,4742000.0,5051000.0,21082000.0,6579000.0,18723000.0,9382000.0,5736000,3783000
INC,Research & Development,24011000,18205000.0,16667000.0,82199000.0,18462000.0,56563000.0,37483000.0,29218000,24807000
INC,Unusual Expense (Income),200000,,,700000.0,400000.0,,,0,-782000
INC,Total Operating Expense,29284000,22947000.0,21718000.0,103981000.0,25441000.0,75286000.0,46865000.0,34954000,27808000
INC,Operating Income,-28598000,-22747000.0,-21661000.0,-103329000.0,-25229000.0,-45269000.0,-36931000.0,-25067000,-5366000
INC,"Other, Net",1057000,1401000.0,937000.0,-208000.0,594000.0,-330000.0,-221000.0,-99000,-357000
INC,Net Income Before Taxes,-27541000,-21346000.0,-20724000.0,-101945000.0,-24635000.0,-44974000.0,-36603000.0,-23982000,-7388000
INC,Net Income After Taxes,-27541000,-21346000.0,-20724000.0,-101945000.0,-24635000.0,-44974000.0,-36603000.0,-23982000,-7388000
INC,Net Income Before Extra. Items,-27541000,-21346000.0,-20724000.0,-101945000.0,-24635000.0,-44974000.0,-36603000.0,-23982000,-7388000
INC,Net Income,-27541000,-21346000.0,-20724000.0,-101945000.0,-24635000.0,-44974000.0,-36603000.0,-23982000,-7388000
INC,Income Available to Com Excl ExtraOrd,-27541000,-21346000.0,-20724000.0,-101945000.0,-24635000.0,-44974000.0,-36603000.0,-23982000,-7388000
INC,Income Available to Com Incl ExtraOrd,-27541000,-21346000.0,-20724000.0,-101945000.0,-24635000.0,-44974000.0,-36603000.0,-23982000,-7388000
INC,Diluted Net Income,-27541000,-21346000.0,-20724000.0,-101945000.0,-24635000.0,-44974000.0,-36603000.0,-23982000,-7388000
INC,Diluted Weighted Average Shares,42477640,42467660.0,42439200.0,42378900.0,42386470.0,42032380.0,41767430.0,38079530,38079530
INC,Diluted EPS Excluding ExtraOrd Items,-648360,-502640.0,-488320.0,-2405560.0,-581200.0,-1069980.0,-876350.0,-629790,-194010
INC,DPS - Common Stock Primary Issue,0,0.0,0.0,,0.0,,,0,0
INC,Diluted Normalized EPS,-643660,-502640.0,-488320.0,-2389040.0,-571760.0,-1069980.0,-876350.0,-629790,-214550
CAS,Net Income/Starting Line,-69611000,-42070000.0,-20724000.0,-101945000.0,-76534000.0,-44974000.0,-36603000.0,-23982000,-7388000
CAS,Depreciation/Depletion,3061000,2041000.0,1014000.0,3073000.0,2068000.0,1380000.0,618000.0,537000,255000
CAS,Non-Cash Items,4715000,3206000.0,1555000.0,8838000.0,7268000.0,8502000.0,1267000.0,254000,2726000
CAS,Changes in Working Capital,26000,-8254000.0,-8306000.0,-4464000.0,-3459000.0,-22024000.0,1059000.0,2216000,-2496000
CAS,Cash from Operating Activities,-61809000,-45077000.0,-26461000.0,-94498000.0,-70657000.0,-57116000.0,-33659000.0,-20975000,-6903000
CAS,Capital Expenditures,-390000,-371000.0,-75000.0,-11614000.0,-10921000.0,-7926000.0,-727000.0,-470000,-1178000
CAS,"Other Investing Cash Flow Items, Total",55398000,69929000.0,45200000.0,61052000.0,28897000.0,-2517000.0,-145595000.0,-3122000,-28747000
CAS,Cash from Investing Activities,55008000,69558000.0,45125000.0,49438000.0,17976000.0,-10443000.0,-146322000.0,-3592000,-29925000
CAS,Financing Cash Flow Items,-39000,-39000.0,-39000.0,,,0.0,-18738000.0,-64000,-152000
CAS,"Issuance (Retirement) of Stock, Net",93000,72000.0,39000.0,171000.0,171000.0,1929000.0,349604000.0,0,35297000
CAS,Cash from Financing Activities,54000,33000.0,0.0,171000.0,171000.0,1929000.0,330866000.0,-64000,35145000
CAS,Net Change in Cash,-6747000,24514000.0,18664000.0,-44889000.0,-52510000.0,-65630000.0,150885000.0,-24631000,-1683000
