,,2023-11-30,2023-08-31,2023-05-31,2023-02-28,2022-11-30,2022-05-31,2021-05-31,2020-12-31,2019-12-31,2018-12-31
BAL,Cash & Equivalents,143373000.0,177519000.0,206632000.0,164997000.0,190218000.0,415909000.0,488466000.0,189702000.0,96791000.0,487255000.0
BAL,Short Term Investments,116418000.0,287333000.0,241897000.0,243286000.0,243286000.0,,,,0.0,30335000.0
BAL,Cash and Short Term Investments,259791000.0,464852000.0,448529000.0,408283000.0,433504000.0,415909000.0,488466000.0,189702000.0,96791000.0,517590000.0
BAL,"Accounts Receivable - Trade, Net",90596000.0,82076000.0,86227000.0,78342000.0,89705000.0,95279000.0,87309000.0,29033000.0,36873000.0,16525000.0
BAL,"Total Receivables, Net",90596000.0,82076000.0,86227000.0,78342000.0,89705000.0,95279000.0,99125000.0,41155000.0,43038000.0,17494000.0
BAL,Total Inventory,252702000.0,232075000.0,200551000.0,202800000.0,240946000.0,245529000.0,256429000.0,93645000.0,87861000.0,16211000.0
BAL,Prepaid Expenses,36626000.0,44943000.0,37722000.0,69087000.0,50550000.0,46786000.0,31012000.0,6542000.0,5847000.0,3007000.0
BAL,"Other Current Assets, Total",2312000.0,5309000.0,,,,,8577000.0,15976000.0,25490000.0,
BAL,Total Current Assets,642027000.0,829255000.0,773029000.0,758512000.0,814705000.0,803503000.0,883609000.0,347020000.0,259027000.0,554302000.0
BAL,"Property/Plant/Equipment, Total - Gross",802275000.0,661198000.0,582426000.0,605304000.0,706424000.0,767736000.0,745841000.0,245419000.0,218848000.0,87714000.0
BAL,"Accumulated Depreciation, Total",-173637000.0,-160974000.0,-146818000.0,-173549000.0,-155949000.0,-167241000.0,-76876000.0,-27875000.0,-17117000.0,-7500000.0
BAL,"Property/Plant/Equipment, Total - Net",628638000.0,500224000.0,435608000.0,431755000.0,550475000.0,600495000.0,668965000.0,217544000.0,201731000.0,80214000.0
BAL,"Goodwill, Net",2009714000.0,2009673000.0,2008843000.0,2005701000.0,2621401000.0,2641305000.0,2832794000.0,166915000.0,163251000.0,
BAL,"Intangibles, Net",953419000.0,967568000.0,973785000.0,994325000.0,1214842000.0,1277875000.0,1605918000.0,186445000.0,228828000.0,4486000.0
BAL,Long Term Investments,12672000.0,12202000.0,12371000.0,12258000.0,12849000.0,15002000.0,25791000.0,23669000.0,35632000.0,16911000.0
BAL,Note Receivable - Long Term,74681000.0,74681000.0,103401000.0,168356000.0,255310000.0,111200000.0,,,,
BAL,"Other Long Term Assets, Total",9406000.0,8647000.0,222000.0,4993000.0,4797000.0,314000.0,8285000.0,4356000.0,7861000.0,754000.0
BAL,Total Assets,4330557000.0,4402250000.0,4307259000.0,4375900000.0,5474379000.0,5449694000.0,6025362000.0,945949000.0,896330000.0,656667000.0
BAL,Payable/Accrued,216898000.0,,,,,,,,,
BAL,Accrued Expenses,3707000.0,145707000.0,107352000.0,89514000.0,90906000.0,89380000.0,143956000.0,41359000.0,51382000.0,14818000.0
BAL,Notes Payable/Short Term Debt,20181000.0,14594000.0,23381000.0,18125000.0,15304000.0,18123000.0,8717000.0,0.0,0.0,0.0
BAL,Current Port. of  LT Debt/Capital Leases,142728000.0,265079000.0,198458000.0,261974000.0,202192000.0,67823000.0,37273000.0,1500000.0,,470000.0
BAL,"Other Current liabilities, Total",11472000.0,32923000.0,32969000.0,33004000.0,42378000.0,36412000.0,153589000.0,120647000.0,1920000.0,
BAL,Total Current Liabilities,394986000.0,537274000.0,432979000.0,469682000.0,426505000.0,280342000.0,401241000.0,181282000.0,92427000.0,25937000.0
BAL,Long Term Debt,292790000.0,273251000.0,357933000.0,312506000.0,375445000.0,519828000.0,835110000.0,306259000.0,430210000.0,420367000.0
BAL,Capital Lease Obligations,56010000.0,,,,,0.0,35481000.0,,14152000.0,8286000.0
BAL,Total Long Term Debt,348800000.0,273251000.0,357933000.0,312506000.0,375445000.0,519828000.0,870591000.0,306259000.0,444362000.0,428653000.0
BAL,Total Debt,511709000.0,552924000.0,579772000.0,592605000.0,592941000.0,605774000.0,916581000.0,307759000.0,444362000.0,429123000.0
BAL,Deferred Income Tax,166454000.0,169633000.0,167364000.0,164412000.0,180099000.0,196638000.0,265845000.0,49274000.0,53363000.0,4424000.0
BAL,Minority Interest,25016000.0,22182000.0,14251000.0,3109000.0,12870000.0,42561000.0,6243000.0,,,
BAL,"Other Liabilities, Total",26964000.0,20536000.0,19040000.0,22529000.0,9184000.0,11520000.0,22372000.0,35235000.0,20907000.0,
BAL,Total Liabilities,962220000.0,1022876000.0,991567000.0,972238000.0,1004103000.0,1050889000.0,1566292000.0,572050000.0,611059000.0,459014000.0
BAL,"Preferred Stock - Non Redeemable, Net",0.0,0.0,,0.0,,,,,,
BAL,"Common Stock, Total",73000.0,72000.0,66000.0,62000.0,61000.0,53000.0,46000.0,16000.0,11000.0,10000.0
BAL,Additional Paid-In Capital,5942671000.0,5909895000.0,5777743000.0,5723342000.0,5697466000.0,5382367000.0,4792406000.0,1095781000.0,705671000.0,302057000.0
BAL,Retained Earnings (Accumulated Deficit),-2536040000.0,-2487032000.0,-2415507000.0,-2276794000.0,-1105796000.0,-962851000.0,-486050000.0,-730103000.0,-430130000.0,-108177000.0
BAL,"Other Equity, Total",-38367000.0,-43561000.0,-46610000.0,-42948000.0,-26110000.0,-20764000.0,152668000.0,8205000.0,9719000.0,3763000.0
BAL,Total Equity,3368337000.0,3379374000.0,3315692000.0,3403662000.0,4470276000.0,4398805000.0,4459070000.0,373899000.0,285271000.0,197653000.0
BAL,Total Liabilities & Shareholders' Equity,4330557000.0,4402250000.0,4307259000.0,4375900000.0,5474379000.0,5449694000.0,6025362000.0,945949000.0,896330000.0,656667000.0
BAL,Total Common Shares Outstanding,732907550.0,723292600.0,656655460.0,617857030.0,613181560.0,532674890.0,446440640.0,158456090.0,102781230.0,93170870.0
BAL,"Tangible Book Value per Share, Common Eq",552870.0,555980.0,507210.0,653280.0,1034010.0,900410.0,45600.0,129620.0,-1039180.0,2073260.0
BAL,Accounts Payable,,78971000.0,70819000.0,67065000.0,75725000.0,68604000.0,57706000.0,17776000.0,39125000.0,10649000.0
BAL,Unrealized Gain (Loss),,0.0,,0.0,-95345000.0,,,,,
BAL,Total Preferred Shares Outstanding,,,,120000.0,,,,,,
INC,Revenue,193771000.0,176949000.0,627124000.0,145589000.0,144136000.0,628372000.0,513085000.0,210482000.0,166979000.0,43130000.0
INC,Total Revenue,193771000.0,176949000.0,627124000.0,145589000.0,144136000.0,628372000.0,513085000.0,210482000.0,166979000.0,43130000.0
INC,"Cost of Revenue, Total",146362000.0,132753000.0,480164000.0,157288000.0,104012000.0,511555000.0,389903000.0,185827000.0,190475000.0,28855000.0
INC,Gross Profit,47409000.0,44196000.0,146960000.0,-11699000.0,40124000.0,116817000.0,123182000.0,24655000.0,-23496000.0,14275000.0
INC,"Selling/General/Admin. Expenses, Total",60127000.0,55907000.0,230984000.0,234220000.0,57745000.0,229343000.0,155690000.0,135569000.0,173111000.0,66063000.0
INC,Research & Development,56000.0,79000.0,682000.0,171000.0,165000.0,1518000.0,830000.0,4411000.0,6558000.0,4264000.0
INC,Depreciation/Amortization,21917000.0,22225000.0,93489000.0,23518000.0,23995000.0,115191000.0,35221000.0,16442000.0,13390000.0,1598000.0
INC,Unusual Expense (Income),6768000.0,11454000.0,944305000.0,936776000.0,10010000.0,394077000.0,0.0,2256000.0,80643000.0,
INC,"Other Operating Expenses, Total",300000.0,-11107000.0,855000.0,352000.0,0.0,-12911000.0,63612000.0,,,
INC,Total Operating Expense,235530000.0,211311000.0,1996809000.0,1352325000.0,195927000.0,1238773000.0,645256000.0,350488000.0,468681000.0,100780000.0
INC,Operating Income,-41759000.0,-34362000.0,-1369685000.0,-1206736000.0,-51791000.0,-610401000.0,-132171000.0,-140006000.0,-301702000.0,-57650000.0
INC,"Interest Inc.(Exp.),Net-Non-Op., Total",-6837000.0,-14022000.0,-72525000.0,1543000.0,-15457000.0,164519000.0,-222353000.0,-126336000.0,-27982000.0,-16344000.0
INC,"Other, Net",-967000.0,-215000.0,-7971000.0,-1370000.0,-6100000.0,5208000.0,8015000.0,-10333000.0,2501000.0,1820000.0
INC,Net Income Before Taxes,-49563000.0,-48599000.0,-1450181000.0,-1206563000.0,-73348000.0,-440674000.0,-344986000.0,-276675000.0,-329619000.0,-72174000.0
INC,Provision for Income Taxes,-3380000.0,7264000.0,-7181000.0,-10811000.0,-11713000.0,-6542000.0,-8972000.0,-5602000.0,-8450000.0,-4451000.0
INC,Net Income After Taxes,-46183000.0,-55863000.0,-1443000000.0,-1195752000.0,-61635000.0,-434132000.0,-336014000.0,-271073000.0,-321169000.0,-67723000.0
INC,Minority Interest,-2825000.0,-15662000.0,-9656000.0,24754000.0,-7828000.0,-42669000.0,-31407000.0,,,
INC,Net Income Before Extra. Items,-49008000.0,-71525000.0,-1452656000.0,-1170998000.0,-69463000.0,-476801000.0,-367421000.0,-271073000.0,-321169000.0,-67723000.0
INC,Net Income,-49008000.0,-71525000.0,-1452656000.0,-1170998000.0,-69463000.0,-476801000.0,-367421000.0,-271073000.0,-321169000.0,-67723000.0
INC,Income Available to Com Excl ExtraOrd,-49008000.0,-71525000.0,-1452656000.0,-1170998000.0,-69463000.0,-476801000.0,-367421000.0,-271073000.0,-321169000.0,-67723000.0
INC,Income Available to Com Incl ExtraOrd,-49008000.0,-71525000.0,-1452656000.0,-1170998000.0,-69463000.0,-476801000.0,-367421000.0,-271073000.0,-321169000.0,-67723000.0
INC,Diluted Net Income,-49008000.0,-71525000.0,-1452656000.0,-1170998000.0,-69463000.0,-476801000.0,-367421000.0,-271073000.0,-321169000.0,-67723000.0
INC,Diluted Weighted Average Shares,730769130.0,691189380.0,617982590.0,615534670.0,611711380.0,481219130.0,269549850.0,126041710.0,100455680.0,83009660.0
INC,Diluted EPS Excluding ExtraOrd Items,-67060.0,-103480.0,-2350640.0,-1902410.0,-113560.0,-990820.0,-1363090.0,-2150660.0,-3197120.0,-815840.0
INC,DPS - Common Stock Primary Issue,0.0,0.0,,0.0,0.0,,,,,0.0
INC,Diluted Normalized EPS,-60780.0,-92150.0,-1291570.0,-852880.0,-92770.0,-458520.0,-1366760.0,-2139030.0,-2659560.0,-815840.0
CAS,Net Income/Starting Line,-102046000.0,-55863000.0,-1443000000.0,-1323181000.0,-127429000.0,-434132000.0,-336014000.0,-271073000.0,-321169000.0,-67723000.0
CAS,Depreciation/Depletion,62341000.0,30789000.0,130149000.0,101156000.0,67387000.0,154592000.0,67832000.0,18654000.0,15849000.0,3562000.0
CAS,Deferred Taxes,-4042000.0,59000.0,-31953000.0,-29537000.0,-12941000.0,-27538000.0,-24873000.0,-5376000.0,-8847000.0,-4485000.0
CAS,Non-Cash Items,4984000.0,3602000.0,1338310000.0,1243724000.0,53908000.0,221587000.0,299273000.0,188379000.0,176669000.0,35987000.0
CAS,Changes in Working Capital,-7488000.0,5571000.0,14400000.0,-27854000.0,2015000.0,-91771000.0,-50935000.0,-59935000.0,-120567000.0,-13589000.0
CAS,Cash from Operating Activities,-46251000.0,-15842000.0,7906000.0,-35692000.0,-17060000.0,-177262000.0,-44717000.0,-129351000.0,-258065000.0,-46248000.0
CAS,Capital Expenditures,-10011000.0,-4152000.0,-20800000.0,-8394000.0,-7537000.0,-34064000.0,-38874000.0,-44644000.0,-78616000.0,-54457000.0
CAS,"Other Investing Cash Flow Items, Total",65218000.0,-22138000.0,-264311000.0,-269133000.0,-265398000.0,12531000.0,84979000.0,2964000.0,-174565000.0,-44163000.0
CAS,Cash from Investing Activities,55207000.0,-26290000.0,-285111000.0,-277527000.0,-272935000.0,-21533000.0,46105000.0,-41680000.0,-253181000.0,-98620000.0
CAS,"Issuance (Retirement) of Stock, Net",0.0,0.0,128404000.0,128404000.0,128404000.0,259226000.0,102694000.0,220204000.0,111517000.0,228651000.0
CAS,"Issuance (Retirement) of Debt, Net",-71348000.0,14018000.0,-58246000.0,-64482000.0,-62040000.0,-123546000.0,45509000.0,44790000.0,-504000.0,417646000.0
CAS,Cash from Financing Activities,-71348000.0,14018000.0,70158000.0,63922000.0,66364000.0,128196000.0,124308000.0,264847000.0,114700000.0,630998000.0
CAS,Foreign Exchange Effects,709000.0,614000.0,-2230000.0,-1615000.0,-2060000.0,-1958000.0,2124000.0,-905000.0,6082000.0,-1198000.0
CAS,Net Change in Cash,-61683000.0,-27500000.0,-209277000.0,-250912000.0,-225691000.0,-72557000.0,127820000.0,92911000.0,-390464000.0,484932000.0
