,,2023-09-30,2023-06-30,2023-03-31,2022-12-31,2022-09-30,2021-12-31,2020-12-31,2019-12-31
BAL,Cash & Equivalents,12196000.0,24106000.0,17790000.0,7130940.0,4477100.0,8040240.0,3567690.0,
BAL,Cash and Short Term Investments,12196000.0,24106000.0,17790000.0,7130940.0,4477100.0,8040240.0,3567690.0,
BAL,"Accounts Receivable - Trade, Net",14607000.0,13293000.0,11121000.0,1161300.0,1495460.0,1701990.0,0.0,
BAL,"Total Receivables, Net",63005000.0,60413000.0,61630000.0,24706220.0,20053510.0,21720780.0,17370340.0,
BAL,Prepaid Expenses,9618000.0,11277000.0,10473000.0,,,,,
BAL,"Property/Plant/Equipment, Total - Gross",7852000.0,7922000.0,11415000.0,5466430.0,5365420.0,5185410.0,5183360.0,
BAL,"Accumulated Depreciation, Total",-3941000.0,-3482000.0,-7515000.0,-4491470.0,-4386450.0,-3967750.0,-3272480.0,
BAL,"Property/Plant/Equipment, Total - Net",32095000.0,32228000.0,31501000.0,11070000.0,9090790.0,1217660.0,1910880.0,
BAL,"Goodwill, Net",409432000.0,561188000.0,530760000.0,25464390.0,25167530.0,22184800.0,22184800.0,
BAL,"Intangibles, Net",501190000.0,499479000.0,541166000.0,20578200.0,20542060.0,15483150.0,16148300.0,
BAL,Long Term Investments,192587000.0,203522000.0,215472000.0,196510.0,249950.0,2609190.0,5284760.0,
BAL,"Other Long Term Assets, Total",10901000.0,11050000.0,,,,,,
BAL,"Other Assets, Total",2756000.0,2482000.0,7360000.0,2842410.0,7438780.0,3801040.0,2287400.0,
BAL,Total Assets,1233780000.0,1405745000.0,1416152000.0,91988670.0,87019720.0,75056850.0,68754150.0,
BAL,Payable/Accrued,36914000.0,38724000.0,36433000.0,8073240.0,7287360.0,4439170.0,1972830.0,
BAL,Accrued Expenses,57665000.0,55472000.0,57841000.0,37794190.0,25314550.0,17214490.0,10041240.0,
BAL,Notes Payable/Short Term Debt,0.0,0.0,0.0,0.0,0.0,0.0,0.0,
BAL,"Other Current liabilities, Total",1708000.0,1675000.0,1593000.0,1519400.0,,1042610.0,2576530.0,
BAL,Long Term Debt,172804000.0,169094000.0,133251000.0,21187120.0,21827120.0,8448560.0,9697120.0,
BAL,Total Long Term Debt,172804000.0,169094000.0,133251000.0,21187120.0,21827120.0,8448560.0,9697120.0,
BAL,Total Debt,172804000.0,169094000.0,133251000.0,21187120.0,21827120.0,11697120.0,15043410.0,
BAL,Deferred Income Tax,25812000.0,29895000.0,40545000.0,82270.0,33960.0,106990.0,30080.0,
BAL,Minority Interest,463735000.0,550850000.0,590169000.0,319850.0,346210.0,432960.0,0.0,
BAL,"Other Liabilities, Total",93117000.0,87829000.0,185784000.0,5480020.0,2909610.0,535410.0,580050.0,
BAL,Total Liabilities,851755000.0,933539000.0,1045616000.0,74456080.0,57718820.0,35468750.0,30244140.0,
BAL,"Common Stock, Total",6000.0,6000.0,6000.0,18609870.0,30823920.0,39588100.0,38510020.0,
BAL,Additional Paid-In Capital,519996000.0,516262000.0,462275000.0,,,,,
BAL,Retained Earnings (Accumulated Deficit),-141965000.0,-53244000.0,-96686000.0,,,,,
BAL,"Other Equity, Total",3988000.0,9182000.0,4941000.0,-1077290.0,-1523020.0,,,
BAL,Total Equity,382025000.0,472206000.0,370536000.0,17532580.0,29300900.0,39588100.0,38510020.0,
BAL,Total Liabilities & Shareholders' Equity,1233780000.0,1405745000.0,1416152000.0,91988670.0,87019720.0,75056850.0,68754150.0,
BAL,Total Common Shares Outstanding,64770910.0,62957670.0,57916650.0,57488070.0,57488070.0,54892850.0,54892850.0,
BAL,"Tangible Book Value per Share, Common Eq",-8161020.0,-9346930.0,-12110330.0,-495930.0,-285430.0,34980.0,3220.0,
BAL,Current Port. of  LT Debt/Capital Leases,,0.0,,,,3248560.0,5346290.0,
INC,Revenue,49244000.0,51881000.0,58047000.0,76871730.0,18583020.0,75703250.0,64389300.0,59817830.0
INC,Total Revenue,49244000.0,51881000.0,58047000.0,76871730.0,18583020.0,75703250.0,64389300.0,59817830.0
INC,"Selling/General/Admin. Expenses, Total",58346000.0,44737000.0,76015000.0,71007960.0,15591710.0,57464370.0,49902950.0,47235780.0
INC,Depreciation/Amortization,3676000.0,3655000.0,4517000.0,2338930.0,583260.0,2051540.0,1914370.0,1345010.0
INC,Unusual Expense (Income),161233000.0,41273000.0,17773000.0,,1410000.0,6997000.0,,
INC,"Other Operating Expenses, Total",3223000.0,3352000.0,3180000.0,4844410.0,1376610.0,3787010.0,3807680.0,3628110.0
INC,Total Operating Expense,226478000.0,93017000.0,101485000.0,78191290.0,18961580.0,70299920.0,55625000.0,52208910.0
INC,Operating Income,-177234000.0,-41136000.0,-43438000.0,-1319560.0,-378560.0,5403330.0,8764300.0,7608920.0
INC,"Interest Inc.(Exp.),Net-Non-Op., Total",-5627000.0,-8525000.0,-112000.0,-214700.0,5450.0,-992090.0,-1222340.0,59910.0
INC,"Other, Net",10005000.0,63661000.0,-42090000.0,-3936870.0,-19280.0,-105090.0,-58760.0,-24350.0
INC,Net Income Before Taxes,-172856000.0,14000000.0,-85640000.0,-5471140.0,-392390.0,4306160.0,7483200.0,7644480.0
INC,Provision for Income Taxes,-1782000.0,-15446000.0,4650000.0,526630.0,80860.0,515400.0,496700.0,411820.0
INC,Net Income After Taxes,-171074000.0,29446000.0,-90290000.0,-5997760.0,-473250.0,3790760.0,6986500.0,7232660.0
INC,Minority Interest,82353000.0,13996000.0,21550000.0,113120.0,21520.0,148240.0,0.0,0.0
INC,Net Income Before Extra. Items,-88721000.0,43442000.0,-68740000.0,-5884650.0,-451730.0,3939000.0,6986500.0,7232660.0
INC,Net Income,-88721000.0,43442000.0,-68740000.0,-5884650.0,-451730.0,3939000.0,6986500.0,7232660.0
INC,Income Available to Com Excl ExtraOrd,-88721000.0,43442000.0,-68740000.0,-5884650.0,-451730.0,3939000.0,6986500.0,7232660.0
INC,Income Available to Com Incl ExtraOrd,-88721000.0,43442000.0,-68740000.0,-5884650.0,-451730.0,3939000.0,6986500.0,7232660.0
INC,Diluted Net Income,-88721000.0,43442000.0,-68740000.0,-5884650.0,-451730.0,3939000.0,6986500.0,7232660.0
INC,Diluted Weighted Average Shares,63568650.0,114319310.0,57546810.0,57488070.0,57488070.0,54892850.0,54892850.0,54892850.0
INC,Diluted EPS Excluding ExtraOrd Items,-1395670.0,380010.0,-1194510.0,-102360.0,-7860.0,71760.0,127280.0,131760.0
INC,DPS - Common Stock Primary Issue,0.0,0.0,0.0,,0.0,,,
INC,Diluted Normalized EPS,252960.0,614680.0,-993760.0,33170.0,15060.0,183970.0,164690.0,131760.0
CAS,Net Income/Starting Line,-231918000.0,60844000.0,-90290000.0,-5997760.0,2019120.0,3790760.0,6986500.0,7232660.0
CAS,Depreciation/Depletion,11848000.0,-8172000.0,4517000.0,452530.0,355940.0,695270.0,690450.0,623220.0
CAS,Deferred Taxes,-16146000.0,-16392000.0,3119000.0,-101150.0,-73020.0,-92510.0,60270.0,-9140.0
CAS,Non-Cash Items,188265000.0,-118615000.0,70189000.0,6917120.0,1634730.0,8531090.0,1712590.0,236670.0
CAS,Cash Taxes Paid,797000.0,842000.0,0.0,605850.0,514400.0,618720.0,311960.0,203210.0
CAS,Cash Interest Paid,10145000.0,4086000.0,1107000.0,622340.0,369730.0,297810.0,327240.0,224020.0
CAS,Changes in Working Capital,-33050000.0,-29557000.0,-55688000.0,3700250.0,-2111800.0,4605410.0,-2763150.0,-3539670.0
CAS,Cash from Operating Activities,-81001000.0,-111892000.0,-68153000.0,6857390.0,3258880.0,18886290.0,7910580.0,5265540.0
CAS,Capital Expenditures,-269000.0,-254000.0,-107000.0,-156340.0,-55330.0,-2060.0,-485840.0,-784580.0
CAS,"Other Investing Cash Flow Items, Total",-132114000.0,-128294000.0,-114022000.0,-7072210.0,-7221540.0,-2483440.0,-7118330.0,-497270.0
CAS,Cash from Investing Activities,-132383000.0,-128548000.0,-114129000.0,-7228550.0,-7276870.0,-2485500.0,-7604170.0,-1281850.0
CAS,Financing Cash Flow Items,-21913000.0,-18659000.0,-4256000.0,-9835350.0,-9643940.0,-8581950.0,-3250210.0,-6057160.0
CAS,"Issuance (Retirement) of Stock, Net",1621000.0,1621000.0,-207000.0,,,,,1200010.0
CAS,"Issuance (Retirement) of Debt, Net",51171000.0,46710000.0,9387000.0,9490000.0,10130000.0,-3346290.0,2528170.0,-3280150.0
CAS,Cash from Financing Activities,30879000.0,29672000.0,4924000.0,-345350.0,486060.0,-11928240.0,-722040.0,-8137290.0
CAS,Foreign Exchange Effects,2782000.0,-1565000.0,1052000.0,-192800.0,-31210.0,,,
CAS,Net Change in Cash,-179723000.0,-166932000.0,-176306000.0,-909300.0,-3563130.0,4472550.0,-415630.0,-4153600.0
CAS,Amortization,,,,1886400.0,1433910.0,1356270.0,1223920.0,721790.0
